{
  "epochs": [
    {
      "epoch": 1,
      "train_loss": 1.5803210735321045,
      "val_loss": 1.600551724433899,
      "train_accuracy": 0.5,
      "train_macro_f1": 0.3333333333333333,
      "val_accuracy": 0.5,
      "val_macro_f1": 0.3333333333333333
    }
  ]
}
