{
  "val_loss": 1.600551724433899,
  "test_loss": 1.6096577644348145,
  "val_accuracy": 0.5,
  "val_macro_f1": 0.3333333333333333,
  "test_accuracy": 0.0,
  "test_macro_f1": 0.0
}
