{
  "epochs": [
    {
      "epoch": 1,
      "train_loss": 1.563873529434204,
      "val_loss": 1.6143375635147095,
      "train_accuracy": 0.5,
      "train_macro_f1": 0.3333333333333333,
      "val_accuracy": 0.0,
      "val_macro_f1": 0.0
    }
  ]
}
