{
  "val_loss": 1.6143375635147095,
  "test_loss": 1.6151100397109985,
  "val_accuracy": 0.0,
  "val_macro_f1": 0.0,
  "test_accuracy": 0.0,
  "test_macro_f1": 0.0
}
