{
  "val_loss": 1.6094791078567505,
  "test_loss": 1.6094787804285686,
  "val_accuracy": 0.20666666666666667,
  "val_macro_f1": 0.0949728450076591,
  "test_accuracy": 0.19333333333333333,
  "test_macro_f1": 0.10815548780487805
}
