{
  "epochs": [
    {
      "epoch": 1,
      "train_loss": 1.6941277980804443,
      "val_loss": 1.6011810302734375,
      "train_accuracy": 0.0,
      "train_macro_f1": 0.0,
      "val_accuracy": 0.5,
      "val_macro_f1": 0.3333333333333333
    }
  ]
}
