{
  "val_loss": 1.6011810302734375,
  "test_loss": 1.585995078086853,
  "val_accuracy": 0.5,
  "val_macro_f1": 0.3333333333333333,
  "test_accuracy": 0.5,
  "test_macro_f1": 0.3333333333333333
}
